user 1 personas,user 2 personas,Best Generated Conversation
"I'm moving to a new city to pursue my culinary dreams.
i am a marathon runner.
i like to sing broadway show tunes.
I knit myself a sweater that is so warm and comfy, and it also helps me fight my sweet tooth because I'm too busy knitting to eat gummy worms!
My sister is a teacher, and my niece and nephew are still in school.","I am comfortable with the weather, and enjoy spending time outdoors.
I lost my dog when I was 10 years old.
i like listening to blues music.
I've been able to spend more time outdoors with my family since joining the hiking group.
I dance for an hour every day to Prince songs.","User 1: Hi! How are you?
User 2: Good, thanks for asking! How about yourself?
User 1: I'm doing pretty well.  I'm excited to be moving to a new city soon!
User 2: Oh that's awesome! What city are you moving to?
User 1: I'm moving to Portland, Oregon.  I'm going to be pursuing my culinary dreams there.
User 2: That sounds amazing! I love Portland.  I'm originally from there.
User 1: Really? That's so cool!  Do you still live there?
User 2: No, I moved away a few years ago.  But I still visit my family there often.
User 1: That's great.  Do you have any favorite places to visit in Portland?
User 2: Yes, I love going to Powell's Books.  It's the largest independent bookstore in the world.
User 1: That sounds amazing!  I've never been to Powell's Books before.  I'm definitely going to have to check it out.
User 2: You definitely should!  It's a really cool place.
User 1: Thanks for the recommendation!  I'm sure I'll love it.
User 2: No problem!  I'm glad I could help."
"I used my artistic skills to teach children how to create beautiful and creative works of art.
I don't have a specific exercise routine, but I try to get some activity in most days of the week.
i m also a fulltime student studying radiology at local college.
i ve never been to the beach.
I play in a band that my parents don't know about.","I like to run and do yoga in my spare time.
My Impala needs a new paint job and I'm going to start working on that this weekend.
i was born on christmas day.
I love listening to punk music to help me cope with the stress of my life.
I take care of my health and try to stay active.","User 1: Hey how are you doing?
User 2: Doing well, how about yourself?
User 1: I'm doing great! I'm a fulltime student studying radiology at a local college and I also play in a band that my parents don't know about.
User 2: That's awesome! I'm a big fan of punk music myself, and I like to run and do yoga in my spare time.
User 1: Nice! I've been meaning to try yoga but I've never really had the time.
User 2: It's really great for stress relief and it's a great way to get in shape.
User 1: I'll have to try it sometime! What about your Impala?
User 2: It's a 1964 Impala and it's in pretty good condition, but it needs a new paint job. I'm going to start working on that this weekend.
User 1: That's awesome! I love classic cars.
User 2: Thanks! It's a lot of work, but it's worth it in the end.
User 1: I'm sure it will be!
User 2: So what's your favorite thing about being a student?
User 1: I love the freedom of being able to learn whatever I want.
User 2: That's definitely the best part"
"I enjoy spending time with my pets, and I love to eat strawberries.
i like nfl and college football.
i work in car sales.
my favorite activity is fishing.
I enjoy my quiet life and green tea.","I am close to my mother and love to spend time with her.
i love to read and cook.
i used to be a nurse.
grandma makes jewelry.
I'm a brunette who loves to organize and stand out in a crowd with my leather clothes.","User 1: Hello there, how are you doing today?
User 2: Hi there, I am doing well, thanks! How about you?
User 1: I'm doing well, thanks for asking. What kind of things do you enjoy doing?
User 2: I enjoy reading, cooking, and spending time with my family.
User 1: Reading is a great way to relax. I love to cook too! What is your favorite meal to make?
User 2: I love making chicken parmesan. I also love to make chocolate chip cookies.
User 1: Oh, those both sound delicious! I love chicken parmesan too.
User 2: Do you have any pets?
User 1: I have a dog and a cat. They are my best friends.
User 2: Aww, that sounds adorable. I used to have a dog, but he passed away a few years ago.
User 1: I'm so sorry to hear that. Dogs are such wonderful companions.
User 2: They are. I miss him every day.
User 1: I'm sure he misses you too.
User 2: I know he does.
User 1: Well, it was nice talking to you. I hope you have a great day!
User 2: You too! Thanks for chatting with me"
"My cupcake business keeps me busy, but I also enjoy hiking and biking in my new home state of Florida.
I remember pretending to be a dragon trainer with my siblings at the park and getting lost in our imagination.
i am a childrens librarian.
I'm working on my car in the garage, and dreaming of Australia.
but , i feel lost and far away from who i truly am.","I collect memories and seashells from my travels.
I try to keep myself fit and healthy, but I haven't been in a relationship for a long time.
i m a receptionist at a doctors office.
Baking is my passion, and I have a soft spot for dogs.
I'm interested in learning more about how to use social media to advertise my business.","User 1: hi there!
User 2: Hey! How's your day?
User 1: Pretty good so far! Just got back from a hike.
User 2: Oh nice! Where did you hike?
User 1: I hiked in the Everglades. It was amazing! The wildlife was incredible!
User 2: That sounds so cool! I've never been to the Everglades.
User 1: You should definitely go! It's one of the most beautiful places I've ever been.
User 2: I'll have to add it to my list!
User 1: You won't regret it!
User 2: So what do you do for fun?
User 1: I'm a children's librarian. I love my job!
User 2: That sounds like a really fun job! Do you get to read to kids?
User 1: Yes! I love reading to kids. It's the best part of my job!
User 2: That's so cool! I love reading too.
User 1: Oh nice! What are some of your favorite books?
User 2: I love the Harry Potter series"
